id,identifier,generation_id,type_id,power,pp,accuracy,priority,target_id,damage_class_id,effect_id,effect_chance,contest_type_id,contest_effect_id,super_contest_effect_id
1,botta,1,1,40,35,100,0,10,2,1,,5,1,5
2,colpokarate,1,2,50,25,100,0,10,2,44,,5,2,5
3,doppiasberla,1,1,15,10,85,0,10,2,30,,5,10,7
4,cometapugno,1,1,18,15,85,0,10,2,30,,5,12,7
5,megapugno,1,1,80,20,85,0,10,2,1,,5,1,18
6,giornopaga,1,1,40,20,100,0,10,2,35,,4,11,23
7,fuocopugno,1,10,75,15,100,0,10,2,5,10,2,1,17
8,gelopugno,1,15,75,15,100,0,10,2,6,10,2,1,17
9,tuonopugno,1,13,75,15,100,0,10,2,7,10,1,1,17
10,graffio,1,1,40,35,100,0,10,2,1,,5,1,5
11,presa,1,1,55,30,100,0,10,2,1,,5,1,5
12,ghigliottina,1,1,,5,30,0,10,2,39,,1,14,9
13,ventagliente,1,1,80,10,100,0,11,3,40,,1,2,6
14,danzaspada,1,1,,20,,0,7,1,51,,2,32,11
15,taglio,1,1,50,30,95,0,10,2,1,,1,14,5
16,raffica,1,3,40,35,100,0,10,3,150,,4,21,5
17,attacco d'ala,1,3,60,35,100,0,10,2,1,,1,12,5
18,turbine,1,1,,20,,-6,10,1,29,,4,21,9
19,volo,1,3,90,15,95,0,10,2,156,,4,15,6
20,legatutto,1,1,15,20,85,0,10,2,43,100,5,24,21
21,schianto,1,1,80,20,75,0,10,2,1,,5,23,5
22,frustata,1,12,45,25,100,0,10,2,1,,1,1,5
23,pestone,1,1,65,20,100,0,10,2,151,30,5,4,5
24,doppiocalcio,1,2,30,30,100,0,10,2,45,,1,12,7
25,megacalcio,1,1,120,5,75,0,10,2,1,,1,1,18
26,calciosalto,1,2,100,10,95,0,10,2,46,,1,3,5
27,calciorullo,1,2,60,15,85,0,10,2,32,30,1,5,5
28,turbosabbia,1,5,,15,100,0,10,1,24,,3,10,19
29,bottintesta,1,1,70,15,100,0,10,2,32,30,5,9,5
30,incornata,1,1,65,25,100,0,10,2,1,,1,1,5
31,furia,1,1,15,20,85,0,10,2,30,,1,10,7
32,perforcorno,1,1,,5,30,0,10,2,39,,1,14,9
33,azione,1,1,40,35,100,0,10,2,1,,5,1,5
34,corposcontro,1,1,85,15,100,0,10,2,7,30,5,4,5
35,avvolgibotta,1,1,15,20,90,0,10,2,43,100,5,24,21
36,riduttore,1,1,90,20,85,0,10,2,49,,5,3,5
37,colpo,1,1,120,10,100,0,8,2,28,,5,6,7
38,sdoppiatore,1,1,120,15,100,0,10,2,199,,5,3,9
39,colpocoda,1,1,,30,100,0,11,1,20,,3,28,19
40,velenospina,1,4,15,35,100,0,10,2,3,30,4,9,19
41,doppio ago,1,7,25,20,100,0,10,2,78,20,1,9,7
42,missilspillo,1,7,25,20,95,0,10,2,30,,1,10,7
43,fulmisguardo,1,1,,30,100,0,11,1,20,100,1,24,19
44,morso,1,17,60,25,100,0,10,2,32,30,5,5,5
45,ruggito,1,1,,40,100,0,11,1,19,,3,28,19
46,boato,1,1,,20,,-6,10,1,29,,1,21,19
47,canto,1,1,,15,55,0,10,1,2,,3,18,19
48,supersuono,1,1,,20,55,0,10,1,50,,4,21,19
49,sonicboom,1,1,,20,90,0,10,3,131,,1,12,5
50,inibitore,1,1,,20,100,0,10,1,87,,4,18,19
51,acido,1,4,40,30,100,0,11,3,73,10,4,4,5
52,braciere,1,10,40,25,100,0,10,3,5,10,2,1,5
53,lanciafiamme,1,10,90,15,100,0,10,3,5,10,2,1,17
54,nebbia,1,15,,30,,0,4,1,47,,2,15,13
55,pistolacqua,1,11,40,25,100,0,10,3,1,,3,1,5
56,idropompa,1,11,110,5,80,0,10,3,1,,2,1,17
57,surf,1,11,90,15,100,0,9,3,258,,2,2,17
58,geloraggio,1,15,90,10,100,0,10,3,6,10,2,23,17
59,bora,1,15,110,5,70,0,11,3,261,10,2,1,17
60,psicoraggio,1,14,65,20,100,0,10,3,77,10,2,21,17
61,bollaraggio,1,11,65,20,100,0,10,3,71,10,2,5,2
62,raggiaurora,1,15,65,20,100,0,10,3,69,10,2,23,17
63,iper raggio,1,1,150,5,90,0,10,3,81,,1,6,22
64,beccata,1,3,35,35,100,0,10,2,1,,1,1,5
65,perforbecco,1,3,80,20,100,0,10,2,1,,1,1,5
66,sottomissione,1,2,80,20,80,0,10,2,49,,1,3,5
67,colpo basso,1,2,,20,100,0,10,2,197,,5,4,5
68,contrattacco,1,2,,20,100,-5,1,2,90,,5,16,15
69,movimento sismico,1,2,,20,100,0,10,2,88,,5,23,5
70,forza,1,1,80,15,100,0,10,2,1,,5,23,5
71,assorbimento,1,12,20,25,100,0,10,3,4,,4,9,20
72,megassorbimento,1,12,40,15,100,0,10,3,4,,4,4,20
73,parassiseme,1,12,,10,90,0,10,1,85,,4,8,21
74,crescita,1,1,,20,,0,7,1,317,,2,32,11
75,foglielama,1,12,55,25,95,0,11,2,44,,1,2,5
76,solarraggio,1,12,120,10,100,0,10,3,152,,1,1,6
77,velenpolvere,1,4,,35,75,0,10,1,67,,4,33,19
78,paralizzante,1,12,,30,75,0,10,1,68,,4,14,19
79,sonnifero,1,12,,15,75,0,10,1,2,,4,5,19
80,petalodanza,1,12,120,10,100,0,8,3,28,,2,6,21
81,millebave,1,7,,40,95,0,11,1,61,,4,9,19
82,ira di drago,1,16,,10,100,0,10,3,42,,1,26,5
83,turbofuoco,1,10,35,15,85,0,10,3,43,100,2,24,21
84,tuonoshock,1,13,40,30,100,0,10,3,7,10,1,1,5
85,fulmine,1,13,90,15,100,0,10,3,7,10,1,1,17
86,tuononda,1,13,,20,90,0,10,1,68,,1,14,19
87,tuono,1,13,110,10,70,0,10,3,153,30,1,8,17
88,sassata,1,6,50,15,90,0,10,2,1,,5,12,5
89,terremoto,1,5,100,10,100,0,9,2,148,,5,5,18
90,abisso,1,5,,5,30,0,10,2,39,,5,14,9
91,fossa,1,5,80,10,100,0,10,2,257,,4,15,6
92,tossina,1,4,,10,90,0,10,1,34,,4,33,19
93,confusione,1,14,50,25,100,0,10,3,77,10,4,9,5
94,psichico,1,14,90,10,100,0,10,3,73,10,4,5,17
95,ipnosi,1,14,,20,60,0,10,1,2,,4,5,19
96,meditazione,1,14,,40,,0,7,1,11,,2,32,11
97,agilità,1,14,,30,,0,7,1,53,,1,30,1
98,attacco rapido,1,1,40,30,100,1,10,2,104,,1,30,1
99,ira,1,1,20,20,100,0,10,2,82,,1,17,11
100,teletrasporto,1,14,,20,,0,7,1,154,,1,15,1
101,ombra notturna,1,8,,15,100,0,10,3,88,,4,23,5
102,mimica,1,1,,10,,0,10,1,83,,3,19,12
103,stridio,1,1,,40,85,0,10,1,60,,4,5,10
104,doppioteam,1,1,,15,,0,7,1,17,,1,16,1
105,ripresa,1,1,,10,,0,7,1,33,,4,23,8
106,rafforzatore,1,1,,30,,0,7,1,12,,5,16,13
107,minimizzato,1,1,,10,,0,7,1,109,,3,16,13
108,muro di fumo,1,1,,20,100,0,10,1,24,,4,21,10
109,stordiraggio,1,8,,10,100,0,10,1,50,,4,21,10
110,ritirata,1,11,,40,,0,7,1,12,,3,15,13
111,ricciolscudo,1,1,,40,,0,7,1,157,,3,16,13
112,barriera,1,14,,20,,0,7,1,52,,1,15,13
113,schermoluce,1,14,,30,,0,4,1,36,,2,15,13
114,nube,1,15,,30,,0,12,1,26,,2,33,13
115,riflesso,1,14,,20,,0,4,1,66,,4,15,13
116,focalenergia,1,1,,30,,0,7,1,48,,1,5,11
117,pazienza,1,1,,10,,1,7,2,27,,5,15,15
118,metronomo,1,1,,10,,0,7,1,84,,3,17,14
119,speculmossa,1,3,,20,,0,10,1,10,,4,19,15
120,autodistruzione,1,1,200,5,100,0,9,2,8,,2,7,9
121,uovobomba,1,1,100,10,75,0,10,2,1,,5,1,5
122,leccata,1,8,30,30,100,0,10,2,7,30,5,4,16
123,smog,1,4,30,20,70,0,10,3,3,40,5,5,5
124,fango,1,4,65,20,100,0,10,3,3,30,5,4,18
125,ossoclava,1,5,65,20,85,0,10,2,32,10,5,10,5
126,fuocobomba,1,10,110,5,85,0,10,3,5,10,2,1,17
127,cascata,1,11,80,15,100,0,10,2,32,20,5,28,5
128,tenaglia,1,11,35,15,85,0,10,2,43,100,5,24,5
129,comete,1,1,60,20,,0,11,3,18,,1,27,17
130,capocciata,1,1,130,10,100,0,10,2,146,100,5,4,6
131,sparalance,1,1,20,15,100,0,10,2,30,,1,10,7
132,limitazione,1,1,10,35,100,0,10,2,71,10,5,9,21
133,amnesia,1,14,,20,,0,7,1,55,,3,32,11
134,cinèsi,1,14,,15,80,0,10,1,24,,4,24,11
135,covauova,1,1,,10,,0,7,1,33,,2,1,8
136,calcinvolo,1,2,130,10,90,0,10,2,46,,1,3,5
137,sguardo feroce,1,1,,30,100,0,10,1,68,,5,5,19
138,mangiasogni,1,14,100,15,100,0,10,3,9,,4,8,20
139,velenogas,1,4,,40,90,0,11,1,67,,4,33,5
140,sferattacco,1,1,15,20,85,0,10,2,30,,5,12,7
141,sanguisuga,1,7,80,10,100,0,10,2,4,,4,9,20
142,demonbacio,1,1,,10,75,0,10,1,2,,2,5,19
143,aeroattacco,1,3,140,5,90,0,10,2,76,30,1,2,6
144,trasformazione,1,1,,10,,0,10,1,58,,4,17,23
145,bolla,1,11,40,30,100,0,11,3,71,10,3,8,2
146,stordipugno,1,1,70,10,100,0,10,2,77,20,1,4,16
147,spora,1,12,,15,100,0,10,1,2,,2,5,10
148,flash,1,1,,20,100,0,10,1,24,,2,21,10
149,psiconda,1,14,,15,100,0,10,3,89,,4,14,5
150,splash,1,1,,40,,0,7,1,86,,3,28,16
151,scudo acido,1,4,,20,,0,7,1,52,,5,32,11
152,martellata,1,11,100,10,90,0,10,2,44,,5,2,18
153,esplosione,1,1,250,5,100,0,9,2,8,,2,7,9
154,sfuriate,1,1,18,15,80,0,10,2,30,,5,10,7
155,ossomerang,1,5,50,10,90,0,10,2,45,,5,1,7
156,riposo,1,14,,10,,0,7,1,38,,3,16,8
157,frana,1,6,75,10,90,0,11,2,32,30,5,5,5
158,iperzanna,1,1,80,15,90,0,10,2,32,10,1,4,18
159,affilatore,1,1,,30,,0,7,1,11,,3,32,11
160,conversione,1,1,,30,,0,7,1,31,,2,12,23
161,tripletta,1,1,80,10,100,0,10,3,37,20,2,8,5
162,superzanna,1,1,,10,90,0,10,2,41,,5,14,5
163,lacerazione,1,1,70,20,100,0,10,2,44,,1,2,5
164,sostituto,1,1,,10,,0,7,1,80,,4,16,23
165,scontro,1,1,50,1,,0,8,2,255,,1,1,5
166,schizzo,2,1,,1,,0,10,1,96,,4,19,23
167,triplocalcio,2,2,10,10,90,0,10,2,105,,1,1,7
168,furto,2,17,60,25,100,0,10,2,106,,5,20,12
169,ragnatela,2,7,,10,,0,10,1,107,,4,18,13
170,leggimente,2,1,,5,,0,10,1,95,,4,24,20
171,incubo,2,8,,15,100,0,10,1,108,,4,5,19
172,ruotafuoco,2,10,60,25,100,0,10,2,126,10,2,1,7
173,russare,2,1,50,15,100,0,10,3,93,30,3,1,5
174,maledizione,2,8,,10,,0,1,1,110,,5,31,21
175,flagello,2,1,,15,100,0,10,2,100,,3,26,15
176,conversione2,2,1,,30,,0,10,1,94,,2,12,23
177,aerocolpo,2,3,100,5,95,0,10,3,44,,1,2,22
178,cotonspora,2,12,,40,100,0,11,1,61,,2,10,1
179,contropiede,2,2,,15,100,0,10,2,100,,1,28,15
180,dispetto,2,8,,10,100,0,10,1,101,,5,28,19
181,polneve,2,15,40,25,100,0,11,3,6,10,2,1,5
182,protezione,2,1,,10,,4,7,1,112,,3,15,16
183,pugnorapido,2,2,40,30,100,1,10,2,104,,1,30,1
184,visotruce,2,1,,10,100,0,10,1,61,,5,10,2
185,finta,2,17,60,20,,0,10,2,18,,4,27,18
186,dolcebacio,2,18,,10,75,0,10,1,50,,3,18,19
187,panciamburo,2,1,,10,,0,7,1,143,,3,32,11
188,fangobomba,2,4,90,10,100,0,10,3,3,30,5,10,18
189,fangosberla,2,5,20,10,100,0,10,3,74,100,3,10,5
190,octazooka,2,11,65,10,85,0,10,3,74,50,5,10,4
191,punte,2,5,,20,,0,6,1,113,,4,18,13
192,elettrocannone,2,13,120,5,50,0,10,3,7,100,1,1,4
193,preveggenza,2,1,,40,,0,10,1,114,,4,33,20
194,destinobbligato,2,8,,5,,0,7,1,99,,4,7,9
195,ultimocanto,2,1,,5,,0,14,1,115,,2,14,10
196,ventogelato,2,15,55,15,95,0,11,3,71,100,2,5,2
197,individua,2,2,,5,,4,7,1,112,,1,16,16
198,ossoraffica,2,5,25,10,90,0,10,2,30,,5,1,7
199,localizza,2,1,,5,,0,10,1,95,,4,24,20
200,oltraggio,2,16,120,10,100,0,8,2,28,,1,6,7
201,terrempesta,2,6,,10,,0,12,1,116,,5,21,13
202,gigassorbimento,2,12,75,10,100,0,10,3,4,,4,10,20
203,resistenza,2,1,,10,,4,7,1,117,,5,16,13
204,fascino,2,18,,20,100,0,10,1,59,,3,23,19
205,rotolamento,2,6,30,20,90,0,10,2,118,,5,24,7
206,falsofinale,2,1,40,40,100,0,10,2,102,,1,5,16
207,bullo,2,1,,15,85,0,10,1,119,,3,27,19
208,buonlatte,2,1,,10,,0,7,1,33,,3,12,8
209,scintilla,2,13,65,20,100,0,10,2,7,30,1,4,5
210,tagliofuria,2,7,40,20,95,0,10,2,120,,1,17,7
211,alacciaio,2,9,70,25,90,0,10,2,139,10,1,12,5
212,malosguardo,2,1,,5,,0,10,1,107,,2,18,10
213,attrazione,2,1,,15,100,0,10,1,121,,3,18,19
214,sonnolalia,2,1,,10,,0,7,1,98,,3,17,5
215,rintoccasana,2,1,,5,,0,13,1,103,,2,28,8
216,ritorno,2,1,,20,100,0,10,2,122,,3,13,17
217,regalino,2,1,,15,90,0,10,2,123,,3,17,16
218,frustrazione,2,1,,20,100,0,10,2,124,,3,13,18
219,salvaguardia,2,1,,25,,0,4,1,125,,2,15,13
220,malcomune,2,1,,20,,0,10,1,92,,4,4,10
221,magifuoco,2,10,100,5,95,0,10,2,126,50,2,1,22
222,magnitudo,2,5,,30,100,0,9,2,127,,5,11,18
223,dinamipugno,2,2,100,5,50,0,10,2,77,100,1,10,18
224,megacorno,2,7,120,10,85,0,10,2,1,,1,12,18
225,dragospiro,2,16,60,20,100,0,10,3,7,30,1,5,17
226,staffetta,2,1,,40,,0,7,1,128,,3,18,16
227,ripeti,2,1,,5,100,0,10,1,91,,3,18,20
228,inseguimento,2,17,40,20,100,0,10,2,129,,4,14,20
229,rapigiro,2,1,20,40,100,0,10,2,130,,1,16,17
230,profumino,2,1,,20,100,0,11,1,25,,3,5,19
231,codacciaio,2,9,100,15,75,0,10,2,70,30,1,4,18
232,ferrartigli,2,9,50,35,95,0,10,2,140,10,1,1,18
233,vitaltiro,2,2,70,10,,-1,10,2,79,,1,31,2
234,mattindoro,2,1,,5,,0,7,1,133,,2,25,8
235,sintesi,2,12,,5,,0,7,1,133,,4,25,8
236,lucelunare,2,18,,5,,0,7,1,133,,2,25,8
237,introforza,2,1,60,15,100,0,10,3,136,,4,17,23
238,incrocolpo,2,2,100,5,80,0,10,2,44,,1,2,18
239,tornado,2,16,40,20,100,0,11,3,147,20,1,21,5
240,pioggiadanza,2,11,,5,,0,12,1,137,,5,11,13
241,giornodisole,2,10,,5,,0,12,1,138,,2,11,13
242,sgranocchio,2,17,80,15,100,0,10,2,70,20,5,4,18
243,specchiovelo,2,14,,20,100,-5,1,3,145,,2,16,15
244,psicamisù,2,1,,10,,0,10,1,144,,4,12,11
245,extrarapido,2,1,80,5,100,2,10,2,104,,1,30,1
246,forzantica,2,6,60,5,100,0,10,3,141,10,5,32,18
247,palla ombra,2,8,80,15,100,0,10,3,73,20,4,21,17
248,divinazione,2,14,120,10,100,0,10,3,149,,4,24,17
249,spaccaroccia,2,2,40,15,100,0,10,2,70,50,5,29,18
250,mulinello,2,11,35,15,85,0,10,3,262,100,2,24,21
251,picchiaduro,2,17,,10,100,0,10,2,155,,4,14,7
252,bruciapelo,3,1,40,10,100,3,10,2,159,100,3,23,17
253,baraonda,3,1,90,10,100,0,8,3,160,,3,21,10
254,accumulo,3,1,,20,,0,7,1,161,,5,16,11
255,sfoghenergia,3,1,,10,100,0,10,3,162,,5,1,18
256,introenergia,3,1,,10,,0,7,1,163,,5,32,8
257,ondacalda,3,10,95,10,90,0,11,3,5,10,2,1,17
258,grandine,3,15,,10,,0,12,1,165,,2,5,13
259,attaccalite,3,17,,15,100,0,10,1,166,,5,18,16
260,adulazione,3,17,,15,100,0,10,1,167,,4,18,19
261,fuocofatuo,3,10,,15,85,0,10,1,168,,2,4,17
262,memento,3,17,,10,100,0,10,1,169,,5,7,9
263,facciata,3,1,70,20,100,0,10,2,170,,3,28,15
264,centripugno,3,2,150,20,100,-3,10,2,171,,5,31,6
265,maniereforti,3,1,70,10,100,0,10,2,172,,4,9,16
266,sonoqui,3,1,,20,,2,7,1,173,,3,24,14
267,naturforza,3,1,,20,,0,10,1,174,,2,11,14
268,sottocarica,3,13,,20,,0,7,1,175,,4,12,11
269,provocazione,3,17,,20,100,0,10,1,176,,4,18,16
270,altruismo,3,1,,20,,5,3,1,177,,4,18,20
271,raggiro,3,14,,10,100,0,10,1,178,,4,12,12
272,giocodiruolo,3,14,,10,,0,10,1,179,,3,20,23
273,desiderio,3,1,,10,,0,7,1,180,,3,24,8
274,assistente,3,1,,20,,0,7,1,181,,3,25,14
275,radicamento,3,12,,20,,0,7,1,182,,4,15,21
276,troppoforte,3,2,120,5,100,0,10,2,183,100,5,3,18
277,magivelo,3,14,,15,,4,7,1,184,,2,15,15
278,riciclo,3,1,,10,,0,7,1,185,,4,17,12
279,vendetta,3,2,60,10,100,-4,10,2,186,,5,31,15
280,breccia,3,2,75,15,100,0,10,2,187,,1,4,5
281,sbadiglio,3,1,,10,,0,10,1,188,,3,18,19
282,privazione,3,17,65,20,100,0,10,2,189,,4,4,5
283,rimonta,3,1,,5,100,0,10,2,190,,5,28,15
284,eruzione,3,10,150,5,100,0,11,3,191,,2,26,18
285,baratto,3,14,,10,,0,10,1,192,,4,20,12
286,esclusiva,3,14,,10,,0,7,1,193,,4,33,20
287,rinfrescata,3,1,,20,,0,7,1,194,,3,32,8
288,rancore,3,8,,5,,0,7,1,195,,5,26,10
289,scippo,3,17,,10,,4,7,1,196,,4,14,12
290,forzasegreta,3,1,70,20,100,0,10,2,198,30,4,29,14
291,sub,3,11,80,10,100,0,10,2,256,,2,16,6
292,sberletese,3,2,15,20,100,0,10,2,30,,5,10,7
293,camuffamento,3,1,,20,,0,7,1,214,,4,2,13
294,codadiluce,3,7,,20,,0,7,1,322,,2,32,11
295,abbagliante,3,14,70,5,100,0,10,3,73,50,4,9,22
296,foschisfera,3,14,70,5,100,0,10,3,72,50,4,4,22
297,danzadipiume,3,3,,15,100,0,10,1,59,,2,28,19
298,strampadanza,3,1,,20,100,0,9,1,200,,3,6,14
299,calciardente,3,10,85,10,90,0,10,2,201,10,2,1,17
300,fangata,3,5,,15,,0,12,1,202,,3,1,13
301,palla gelo,3,15,30,20,90,0,10,2,118,,2,24,7
302,pugnospine,3,12,60,15,100,0,10,2,32,30,4,4,5
303,pigro,3,1,,10,,0,7,1,33,,3,26,8
304,granvoce,3,1,90,10,100,0,11,3,1,,1,5,5
305,velenodenti,3,4,50,15,100,0,10,2,203,50,4,33,4
306,tritartigli,3,1,75,10,95,0,10,2,70,50,1,4,5
307,incendio,3,10,150,5,90,0,10,3,81,,2,6,22
308,idrocannone,3,11,150,5,90,0,10,3,81,,2,6,22
309,meteorpugno,3,9,90,10,90,0,10,2,140,20,1,12,18
310,sgomento,3,8,30,15,100,0,10,2,32,30,4,9,5
311,palla clima,3,1,50,10,100,0,10,3,204,,4,1,4
312,aromaterapia,3,12,,5,,0,13,1,103,,4,28,8
313,falselacrime,3,17,,20,100,0,10,1,63,,4,28,19
314,aerasoio,3,3,60,25,95,0,11,3,44,,1,23,5
315,vampata,3,10,130,5,90,0,10,3,205,100,2,3,22
316,segugio,3,1,,40,,0,10,1,114,,4,33,20
317,rocciotomba,3,6,60,15,95,0,10,2,71,100,4,24,2
318,ventargenteo,3,7,60,5,100,0,10,3,141,10,2,32,4
319,ferrostrido,3,9,,40,85,0,10,1,63,,4,5,10
320,meloderba,3,12,,15,55,0,10,1,2,,4,5,19
321,solletico,3,1,,20,100,0,10,1,206,,3,33,19
322,cosmoforza,3,14,,20,,0,7,1,207,,1,32,11
323,zampillo,3,11,150,5,100,0,11,3,191,,2,26,22
324,segnoraggio,3,7,75,15,100,0,10,3,77,10,2,21,4
325,pugnodombra,3,8,60,20,,0,10,2,18,,4,27,17
326,extrasenso,3,14,80,20,100,0,10,3,32,10,1,4,17
327,stramontante,3,2,85,15,90,0,10,2,208,,1,23,17
328,sabbiotomba,3,5,35,15,85,0,10,2,43,100,4,24,21
329,purogelo,3,15,,5,30,0,10,3,39,,2,14,9
330,fanghiglia,3,11,90,10,85,0,11,3,74,30,5,10,18
331,semitraglia,3,12,25,30,100,0,10,2,30,,1,14,7
332,aeroassalto,3,3,60,20,,0,10,2,18,,1,27,17
333,gelolancia,3,15,25,30,100,0,10,2,30,,2,23,7
334,ferroscudo,3,9,,15,,0,7,1,52,,5,15,13
335,blocco,3,1,,5,,0,10,1,107,,3,18,13
336,gridodilotta,3,1,,40,,0,7,1,11,,1,32,11
337,dragartigli,3,16,80,15,100,0,10,2,1,,1,23,17
338,radicalbero,3,12,150,5,90,0,10,3,81,,1,6,22
339,granfisico,3,2,,20,,0,7,1,209,,2,32,11
340,rimbalzo,3,3,85,5,85,0,10,2,264,30,3,15,6
341,colpodifango,3,5,55,15,95,0,10,3,71,100,5,5,2
342,velenocoda,3,4,50,25,100,0,10,2,210,10,4,33,4
343,supplica,3,1,60,25,100,0,10,2,106,,3,20,12
344,locomovolt,3,13,120,15,100,0,10,2,263,10,1,3,22
345,fogliamagica,3,12,60,20,,0,10,3,18,,2,27,17
346,docciascudo,3,11,,15,,0,12,1,211,,3,1,13
347,calmamente,3,14,,20,,0,7,1,212,,4,16,11
348,fendifoglia,3,12,90,15,100,0,10,2,44,,1,2,17
349,dragodanza,3,16,,20,,0,7,1,213,,1,32,11
350,cadutamassi,3,6,25,10,90,0,10,2,30,,5,12,7
351,ondashock,3,13,60,20,,0,10,3,18,,1,27,17
352,idropulsar,3,11,60,20,100,0,10,3,77,20,2,21,17
353,desiderio fatale,3,9,140,5,100,0,10,3,149,,1,24,17
354,psicoslancio,3,14,140,5,90,0,10,3,205,100,4,3,22
355,trespolo,4,3,,10,,0,7,1,215,,1,,8
356,gravità,4,14,,5,,0,12,1,216,,2,,13
357,miracolvista,4,14,,40,,0,10,1,217,,3,,20
358,svegliopacca,4,2,70,10,100,0,10,2,218,,4,,16
359,martelpugno,4,2,100,10,90,0,10,2,219,100,1,,2
360,vortexpalla,4,9,,5,100,0,10,2,220,,2,,15
361,curardore,4,14,,10,,0,7,1,221,,3,,8
362,acquadisale,4,11,65,10,100,0,10,3,222,,4,,4
363,dononaturale,4,1,,15,100,0,10,2,223,,1,,18
364,fintoattacco,4,1,30,10,100,2,10,2,224,,2,,16
365,spennata,4,3,60,20,100,0,10,2,225,,3,,12
366,ventoincoda,4,3,,15,,0,4,1,226,,4,,1
367,acupressione,4,1,,30,,0,5,1,227,,1,,11
368,metalscoppio,4,9,,10,100,0,1,2,228,,2,,15
369,retromarcia,4,7,70,20,100,0,10,2,229,,3,,16
370,zuffa,4,2,120,5,100,0,10,2,230,100,4,,22
371,rivincita,4,17,50,10,100,0,10,2,231,,1,,6
372,garanzia,4,17,60,10,100,0,10,2,232,,2,,15
373,divieto,4,17,,15,100,0,10,1,233,,3,,13
374,lancio,4,17,,10,100,0,10,2,234,,5,,23
375,psicotrasfer,4,14,,10,100,0,10,1,235,,1,,16
376,asso,4,1,,5,,0,10,3,236,,1,,21
377,anticura,4,14,,15,100,0,11,1,237,,3,,13
378,strizzata,4,1,,5,100,0,10,3,238,,4,,22
379,ingannoforza,4,14,,10,,0,7,1,239,,1,,16
380,gastroacido,4,4,,10,100,0,10,1,240,,2,,13
381,fortuncanto,4,1,,30,,0,4,1,241,,3,,13
382,precedenza,4,1,,20,,0,2,1,242,,3,,1
383,copione,4,1,,20,,0,7,1,243,,1,,12
384,barattoforza,4,14,,10,,0,10,1,244,,2,,16
385,barattoscudo,4,14,,10,,0,10,1,245,,3,,16
386,punizione,4,17,,5,100,0,10,2,246,,4,,23
387,ultimascelta,4,1,140,5,100,0,10,2,247,,3,,21
388,affannoseme,4,12,,10,100,0,10,1,248,,2,,19
389,sbigoattacco,4,17,70,5,100,1,10,2,249,,4,,1
390,fielepunte,4,4,,20,,0,6,1,250,,4,,13
391,cuorbaratto,4,14,,10,,0,10,1,251,,1,,16
392,acquanello,4,11,,20,,0,7,1,252,,2,,8
393,magnetascesa,4,13,,10,,0,7,1,253,,3,,13
394,fuococarica,4,10,120,15,100,0,10,2,254,10,4,,22
395,palmoforza,4,2,60,10,100,0,10,2,7,30,1,,18
396,sferapulsar,4,2,80,20,,0,10,3,18,,2,,17
397,lucidatura,4,6,,20,,0,7,1,53,,5,,1
398,velenpuntura,4,4,80,20,100,0,10,2,3,30,4,,4
399,neropulsar,4,17,80,15,100,0,10,3,32,20,1,,17
400,nottesferza,4,17,70,15,100,0,10,2,44,,2,,5
401,idrondata,4,11,90,10,90,0,10,2,1,,3,,5
402,semebomba,4,12,80,15,100,0,10,2,1,,4,,5
403,eterelama,4,3,75,15,95,0,10,3,32,30,1,,17
404,forbice x,4,7,80,15,100,0,10,2,1,,2,,17
405,ronzio,4,7,90,10,100,0,10,3,73,10,3,,4
406,dragopulsar,4,16,85,10,100,0,10,3,1,,4,,4
407,dragofuria,4,16,100,10,75,0,10,2,32,20,1,,18
408,gemmoforza,4,6,80,20,100,0,10,3,1,,2,,5
409,assorbipugno,4,2,75,10,100,0,10,2,4,,2,,20
410,vuotonda,4,2,40,30,100,1,10,3,104,,4,,1
411,focalcolpo,4,2,120,5,70,0,10,3,73,10,1,,17
412,energipalla,4,12,90,10,100,0,10,3,73,10,2,,17
413,baldeali,4,3,120,15,100,0,10,2,199,,3,,18
414,geoforza,4,5,90,10,100,0,10,3,73,10,4,,18
415,rapidscambio,4,17,,10,100,0,10,1,178,,1,,12
416,gigaimpatto,4,1,150,5,90,0,10,2,81,,2,,22
417,congiura,4,17,,20,,0,7,1,54,,3,,11
418,pugnoscarica,4,9,40,30,100,1,10,2,104,,4,,1
419,slavina,4,15,60,10,100,-4,10,2,186,,1,,15
420,geloscheggia,4,15,40,30,100,1,10,2,104,,2,,1
421,ombrartigli,4,8,70,15,100,0,10,2,44,,3,,17
422,fulmindenti,4,13,65,15,95,0,10,2,276,10,4,,5
423,gelodenti,4,15,65,15,95,0,10,2,275,10,1,,5
424,rogodenti,4,10,65,15,95,0,10,2,274,10,2,,5
425,furtivombra,4,8,40,30,100,1,10,2,104,,4,,1
426,pantanobomba,4,5,65,10,85,0,10,3,74,30,4,,18
427,psicotaglio,4,14,70,20,100,0,10,2,44,,1,,17
428,cozzata zen,4,14,80,15,90,0,10,2,32,20,2,,18
429,cristalcolpo,4,9,65,10,85,0,10,3,74,30,3,,17
430,cannonflash,4,9,80,10,100,0,10,3,73,10,4,,17
431,scalaroccia,4,1,90,20,85,0,10,2,77,20,1,,18
432,scacciabruma,4,3,,15,,0,10,1,259,,2,,13
433,distortozona,4,14,,5,,-7,12,1,260,,3,,14
434,dragobolide,4,16,130,5,90,0,10,3,205,100,4,,22
435,scarica,4,13,80,15,100,0,9,3,7,30,1,,17
436,lavasbuffo,4,10,80,15,100,0,9,3,5,30,5,,17
437,verdebufera,4,12,130,5,90,0,10,3,205,100,3,,22
438,vigorcolpo,4,12,120,10,85,0,10,2,1,,2,,5
439,devastomasso,4,6,150,5,90,0,10,2,81,,5,,22
440,velenocroce,4,4,70,20,100,0,10,2,210,10,1,,5
441,sporcolancio,4,4,120,5,80,0,10,2,3,30,1,,5
442,metaltestata,4,9,80,15,100,0,10,2,32,30,5,,18
443,bombagnete,4,9,60,20,,0,10,2,18,,1,,5
444,pietrataglio,4,6,100,5,80,0,10,2,44,,5,,4
445,incanto,4,1,,20,100,0,11,1,266,,2,,19
446,levitoroccia,4,6,,20,,0,6,1,267,,1,,13
447,laccioerboso,4,12,,20,100,0,10,3,197,,4,,4
448,schiamazzo,4,3,65,20,100,0,10,3,268,100,4,,23
449,giudizio,4,1,100,10,100,0,10,3,269,,4,,14
450,coleomorso,4,7,60,20,100,0,10,2,225,,5,,12
451,raggioscossa,4,13,50,10,90,0,10,3,277,70,2,,17
452,mazzuolegno,4,12,120,15,100,0,10,2,199,,5,,18
453,acquagetto,4,11,40,20,100,1,10,2,104,,2,,1
454,comandourto,4,7,90,15,100,0,10,2,44,,4,,4
455,comandoscudo,4,7,,10,,0,7,1,207,,4,,11
456,comandocura,4,7,,10,,0,7,1,33,,4,,8
457,zuccata,4,6,150,5,80,0,10,2,270,,5,,22
458,doppiosmash,4,1,35,10,90,0,10,2,45,,4,,7
459,fragortempo,4,16,150,5,90,0,10,3,81,,1,,22
460,fendispazio,4,16,100,5,95,0,10,3,44,,5,,4
461,lunardanza,4,14,,10,,0,7,1,271,,2,,8
462,sbriciolmano,4,1,,5,100,0,10,2,238,,5,,15
463,magmaclisma,4,10,100,5,75,0,10,3,43,100,5,,7
464,vuototetro,4,17,,10,50,0,11,1,2,,4,,19
465,infuriaseme,4,12,120,5,85,0,10,3,272,40,1,,22
466,funestovento,4,8,60,5,100,0,10,3,141,10,4,,11
467,oscurotuffo,4,8,120,5,100,0,10,2,273,,4,,22
468,unghiaguzze,5,17,,15,,0,7,1,278,,,,
469,bodyguard,5,6,,10,,3,4,1,279,,,,
470,paridifesa,5,14,,10,,0,10,1,280,,,,
471,pariattacco,5,14,,10,,0,10,1,281,,,,
472,mirabilzona,5,14,,10,,0,12,1,282,,,,
473,psicoshock,5,14,80,10,100,0,10,3,283,,,,
474,velenoshock,5,4,65,10,100,0,10,3,284,,,,
475,sganciapesi,5,9,,15,,0,7,1,285,,,,
476,polverabbia,5,7,,20,,2,7,1,173,,,,
477,telecinesi,5,14,,15,,0,10,1,286,,,,
478,magicozona,5,14,,10,,0,12,1,287,,,,
479,abbattimento,5,6,50,15,100,0,10,2,288,100,,,
480,tempestretta,5,2,60,10,100,0,10,2,289,,,,
481,pirolancio,5,10,70,15,100,0,10,3,290,,,,
482,fangonda,5,4,95,10,100,0,9,3,3,10,,,
483,eledanza,5,7,,20,,0,7,1,291,,,,
484,pesobomba,5,9,,10,100,0,10,2,292,,,,
485,sincrumore,5,14,120,10,100,0,9,3,293,,,,
486,energisfera,5,13,,10,100,0,10,3,294,,,,
487,inondazione,5,11,,20,100,0,10,1,295,,,,
488,nitrocarica,5,10,50,20,100,0,10,2,296,100,,,
489,arrotola,5,4,,20,,0,7,1,323,,,,
490,calciobasso,5,2,65,20,100,0,10,2,21,100,,,
491,acidobomba,5,4,40,20,100,0,10,3,297,100,,,
492,ripicca,5,17,95,15,100,0,10,2,298,,,,
493,ondisinvolta,5,1,,15,100,0,10,1,299,,,,
494,saltamicizia,5,1,,15,100,0,10,1,300,,,,
495,cortesia,5,1,,15,,0,10,1,301,,,,
496,coro,5,1,60,15,100,0,10,3,302,,,,
497,echeggiavoce,5,1,40,15,100,0,10,3,303,,,,
498,insidia,5,1,70,20,100,0,10,2,304,,,,
499,pulifumo,5,4,50,15,,0,10,3,305,,,,
500,veicolaforza,5,14,20,10,100,0,10,3,306,,,,
501,anticipo,5,2,,15,,3,4,1,307,,,,
502,cambiaposto,5,14,,15,,2,7,1,308,,,,
503,idrovampata,5,11,80,15,100,0,10,3,5,30,,,
504,gettaguscio,5,1,,15,,0,7,1,309,,,,
505,curapulsar,5,14,,10,,0,10,1,310,,,,
506,sciagura,5,8,65,10,100,0,10,3,311,,,,
507,cadutalibera,5,3,60,10,100,0,10,2,312,,,,
508,cambiomarcia,5,9,,10,,0,7,1,313,,,,
509,ribaltiro,5,2,60,10,90,-6,10,2,314,,,,
510,bruciatutto,5,10,60,15,100,0,11,3,315,,,,
511,spintone,5,17,,15,100,0,10,1,316,,,,
512,acrobazia,5,3,55,15,100,0,10,2,318,,,,
513,riflettipo,5,1,,15,,0,10,1,319,,,,
514,nemesi,5,1,70,5,100,0,10,2,320,,,,
515,azzardo,5,2,,5,100,0,10,3,321,,,,
516,cediregalo,5,1,,15,,0,10,1,324,,,,
517,marchiatura,5,10,100,5,50,0,10,3,5,100,,,
518,acquapatto,5,11,80,10,100,0,10,3,325,,,,
519,fiammapatto,5,10,80,10,100,0,10,3,326,,,,
520,erbapatto,5,12,80,10,100,0,10,3,327,,,,
521,invertivolt,5,13,70,20,100,0,10,3,229,,,,
522,entomoblocco,5,7,50,20,100,0,11,3,72,100,,,
523,battiterra,5,5,60,20,100,0,9,2,71,100,,,
524,alitogelido,5,15,60,10,90,0,10,3,289,100,,,
525,codadrago,5,16,60,10,90,-6,10,2,314,,,,
526,cuordileone,5,1,,30,,0,7,1,328,,,,
527,elettrotela,5,13,55,15,95,0,11,3,21,100,,,
528,sprizzalampo,5,13,90,15,100,0,10,2,49,,,,
529,giravvita,5,5,80,10,95,0,10,2,44,,,,
530,doppiocolpo,5,16,40,15,90,0,10,2,45,,,,
531,cuorestampo,5,14,60,25,100,0,10,2,32,30,,,
532,legnicorno,5,12,75,10,100,0,10,2,4,,,,
533,spadasolenne,5,2,90,15,100,0,10,2,304,,,,
534,conchilama,5,11,75,10,95,0,10,2,70,50,,,
535,marchiafuoco,5,10,,10,100,0,10,2,292,,,,
536,vorticerba,5,12,65,10,90,0,10,3,74,50,,,
537,rulloduro,5,7,65,20,100,0,10,2,151,30,,,
538,cotonscudo,5,12,,10,,0,7,1,329,,,,
539,urtoscuro,5,17,85,10,95,0,10,3,74,40,,,
540,psicobotta,5,14,100,10,100,0,10,3,283,,,,
541,spazzasberla,5,1,25,10,85,0,10,2,30,,,,
542,tifone,5,3,110,10,70,0,10,3,334,30,,,
543,ricciolata,5,1,120,15,100,0,10,2,49,,,,
544,ingracolpo,5,9,50,15,85,0,10,2,45,,,,
545,sparafuoco,5,10,100,5,100,0,9,3,5,30,,,
546,tecnobotto,5,1,120,5,100,0,10,3,269,,,,
547,cantoantico,5,1,75,10,100,0,11,3,330,10,,,
548,spadamistica,5,2,85,10,100,0,10,3,283,,,,
549,gelamondo,5,15,65,10,95,0,11,3,331,100,,,
550,lucesiluro,5,13,130,5,85,0,10,2,7,20,,,
551,fuocoblu,5,10,130,5,85,0,10,3,5,20,,,
552,voldifuoco,5,10,80,10,100,0,10,3,277,50,,,
553,elettrogelo,5,15,140,5,90,0,10,2,332,30,,,
554,vampagelida,5,15,140,5,90,0,10,3,333,30,,,
555,urlorabbia,5,17,55,15,95,0,11,3,72,100,,,
556,scagliagelo,5,15,85,10,90,0,10,2,32,30,,,
557,generatore v,5,10,180,5,95,0,10,2,335,100,,,
558,incrofiamma,5,10,100,5,100,0,10,3,336,,,,
559,incrotuono,5,13,100,5,100,0,10,2,337,,,,
560,schiacciatuffo,6,2,100,10,95,0,10,2,338,,,,
561,ribaltappeto,6,2,,10,,0,4,1,377,,,,
562,rutto,6,4,120,10,90,0,10,3,339,,,,
563,aracampo,6,5,,10,,0,14,1,340,100,,,
564,rete vischiosa,6,7,,20,,0,6,1,341,,,,
565,pungiglione,6,7,50,25,100,0,10,2,342,,,,
566,spettrotuffo,6,8,90,10,100,0,10,2,273,,,,
567,halloween,6,8,,20,100,0,10,1,343,,,,
568,urlo,6,1,,30,100,0,10,1,344,100,,,
569,pioggiaplasma,6,13,,25,,1,12,1,345,,,,
570,caricaparabola,6,13,65,20,100,0,9,3,346,,,,
571,boscomalocchio,6,12,,20,100,0,10,1,376,,,,
572,fiortempesta,6,12,90,15,100,0,9,2,379,,,,
573,liofilizzazione,6,15,70,20,100,0,10,3,380,10,,,
574,incantavoce,6,18,40,15,,0,11,3,381,,,,
575,monito,6,17,,20,100,0,10,1,347,100,,,
576,sottosopra,6,17,,20,,0,10,1,348,,,,
577,assorbibacio,6,18,50,10,100,0,10,3,349,,,,
578,truccodifesa,6,18,,10,,3,4,1,350,,,,
579,fiordifesa,6,18,,10,,0,14,1,351,100,,,
580,campo erboso,6,12,,10,,0,12,1,352,,,,
581,campo nebbioso,6,18,,10,,0,12,1,353,,,,
582,elettrocontagio,6,13,,20,,0,10,1,354,,,,
583,carineria,6,18,90,10,90,0,10,2,69,10,,,
584,vento di fata,6,18,40,30,100,0,10,3,1,,,,
585,forza lunare,6,18,95,15,100,0,10,3,72,30,,,
586,ondaboato,6,1,140,10,100,0,9,3,379,,,,
587,blocco fatato,6,18,,10,,0,12,1,355,,,,
588,scudo reale,6,9,,10,,4,7,1,356,,,,
589,simpatia,6,1,,20,,0,10,1,357,100,,,
590,confidenza,6,1,,20,,0,10,1,358,100,,,
591,diamantempesta,6,6,100,5,95,0,11,2,359,50,,,
592,vaporscoppio,6,11,110,5,95,0,10,3,5,30,,,
593,forodimensionale,6,14,80,5,,0,10,3,360,,,,
594,acqualame,6,11,15,20,100,1,10,3,361,,,,
595,magifiamma,6,10,75,10,100,0,10,3,72,100,,,
596,agodifesa,6,12,,10,,4,7,1,362,,,,
597,nebularoma,6,18,,20,,0,3,1,363,,,,
598,elettromistero,6,13,,15,100,0,10,1,62,,,,
599,velenotrappola,6,4,,20,100,0,11,1,364,100,,,
600,pulviscoppio,6,7,,20,100,1,10,1,378,,,,
601,geocontrollo,6,18,,10,,0,7,1,366,,,,
602,controllo polare,6,13,,20,,0,13,1,367,,,,
603,cuccagna,6,1,,30,,0,4,1,368,,,,
604,campo elettrico,6,13,,10,,0,12,1,369,,,,
605,magibrillio,6,18,80,10,100,0,11,3,1,,,,
606,auguri,6,1,,40,,0,7,1,370,,,,
607,mano nella mano,6,1,,40,,0,3,1,371,,,,
608,occhioni teneri,6,18,,30,100,1,10,1,365,,,,
609,elettrococcola,6,13,20,20,100,0,10,2,372,100,,,
610,riguardo,6,1,40,40,100,0,10,2,102,,,,
611,assillo,6,7,20,20,100,0,10,3,43,100,,,
612,crescipugno,6,2,40,20,100,0,10,2,375,100,,,
613,ali del fato,6,3,80,10,100,0,10,3,349,,,,
614,mille frecce,6,5,90,10,100,0,11,2,373,100,,,
615,mille onde,6,5,90,10,100,0,11,2,374,,,,
616,forza tellurica,6,5,90,10,100,0,11,2,1,,,,
617,luce nefasta,6,18,140,5,90,0,10,3,270,,,,
618,primopulsar,6,11,110,10,85,0,11,3,1,,,,
619,spade telluriche,6,5,120,10,85,0,11,2,1,,,,
620,ascesa del drago,6,3,120,5,100,0,10,2,230,100,,,
621,urtodimensionale,6,17,100,5,,0,10,2,360,100,,,
659,sabbiaccumulo,7,5,,10,,0,7,1,382,,,,
660,schermaglia,7,7,90,10,100,2,10,2,383,,,,
661,fortino,7,4,,10,,4,7,1,384,,,,
662,cucitura d'ombra,7,8,80,10,100,0,10,2,385,,,,
663,braccioteso,7,17,85,10,100,0,10,2,304,,,,
664,canto effimero,7,11,90,10,100,0,9,3,386,,,,
665,martelgelo,7,15,100,10,90,0,10,2,219,100,,,
666,cura floreale,7,18,,10,,0,10,1,387,,,,
667,forza equina,7,5,95,10,95,0,10,2,1,,,,
668,assorbiforza,7,12,,10,100,0,10,1,388,100,,,
669,lama solare,7,12,125,10,100,0,10,2,152,,,,
670,fogliame,7,12,40,40,100,0,10,2,1,,,,
671,riflettore,7,1,,15,,3,10,1,389,,,,
672,velenotela,7,4,,20,100,0,10,1,390,100,,,
673,concentrazione,7,1,,30,,0,7,1,391,,,,
674,marciainpiù,7,9,,20,,0,13,1,392,,,,
675,colpo infernale,7,17,80,15,100,0,10,2,393,100,,,
676,sferapolline,7,7,90,15,100,0,10,3,394,,,,
677,colpo d'ancora,7,9,80,20,100,0,10,2,385,,,,
678,campo psichico,7,14,,10,,0,12,1,395,,,,
679,assalto,7,7,80,15,100,0,10,2,396,100,,,
680,frusta di fuoco,7,10,80,15,100,0,10,2,397,100,,,
681,tracotanza,7,17,20,10,100,0,10,2,306,,,,
682,ultima fiamma,7,10,130,5,100,0,10,3,398,,,,
683,velociscambio,7,14,,10,,0,10,1,399,,,,
684,sottilcorno,7,9,70,10,,0,10,2,18,,,,
685,purificazione,7,4,,20,,0,10,1,400,,,,
686,mutadanza,7,1,90,15,100,0,10,3,401,,,,
687,nucleocastigo,7,16,100,10,100,0,11,3,402,,,,
688,tropicalcio,7,12,70,15,100,0,10,2,396,100,,,
689,imposizione,7,14,,15,,0,10,1,403,,,,
690,cannonbecco,7,3,100,15,100,-3,10,2,404,,,,
691,clamorsquame,7,16,110,5,100,0,11,3,405,100,,,
692,marteldrago,7,16,90,15,100,0,10,2,1,,,,
693,vorticolpo,7,17,60,20,100,0,9,2,406,,,,
694,velaurora,7,15,,20,,0,4,1,407,,,,
695,dardoassalto spettrale,7,8,180,1,,0,10,2,1,,,,
696,iperschianto delle tenebre,7,17,180,1,,0,10,2,1,,,,
697,sinfonia del mare,7,11,195,1,,0,10,3,1,,,,
698,collera del guardiano,7,18,,1,,0,10,3,413,,,,
699,colpo eptastellare rubanima,7,8,195,1,,0,10,2,1,,,,
700,elettrosurf folgorante,7,13,175,1,,0,10,3,7,100,,,
701,adesso faccio sul serio,7,1,210,1,,0,10,2,1,,,,
702,potenziamento eevolutivo,7,1,,1,,0,7,1,414,100,,,
703,supernova delle origini,7,14,185,1,,0,10,3,415,,,,
704,gusciotrappola,7,10,150,5,100,-3,11,3,408,,,,
705,cannonfiore,7,18,130,5,90,0,10,3,205,100,,,
706,psicozanna,7,14,85,10,100,0,10,2,187,,,,
707,battipiedi,7,5,75,10,100,0,10,2,409,,,,
708,ossotetro,7,8,85,10,100,0,10,2,70,20,,,
709,rocciarapida,7,6,40,20,100,1,10,2,104,,,,
710,idrobreccia,7,11,85,10,100,0,10,2,70,20,,,
711,prismalaser,7,14,160,10,100,0,10,3,81,,,,
712,ombrafurto,7,8,90,10,100,0,10,2,410,,,,
713,astrocarica,7,9,100,5,100,0,10,2,411,,,,
714,raggio d'ombra,7,8,100,5,100,0,10,3,411,,,,
715,occhionilucidi,7,1,,20,,0,10,1,412,100,,,
716,elettropizzico,7,13,80,10,100,0,10,2,32,30,,,
717,ira della natura,7,18,,10,90,0,10,3,41,,,,
718,multiattacco,7,1,90,10,100,0,10,2,269,,,,
720,sbalorditesta,7,10,150,5,100,0,9,3,420,,,,
721,pugni plasma,7,13,100,15,100,0,10,2,1,,,,
722,geyser fotonico,7,14,100,5,100,0,10,3,1,,,,
742,pugni corazzati,8,8,,,,,,,,,,,
743,dynabarriera,8,0,,,,,,,,,,,
744,cannone dynamax,8,15,,,,,,,,,,,
745,tiromirato,8,10,,,,,,,,,,,
746,morsostretto,8,16,,,,,,,,,,,
747,riempiguance,8,0,,,,,,,,,,,
748,spalle al muro,8,1,,,,,,,,,,,
749,colpocatrame,8,5,,,,,,,,,,,
750,magipolvere,8,13,,,,,,,,,,,
751,dragofrecce,8,15,,,,,,,,,,,
752,ora del tè,8,0,,,,,,,,,,,
753,tentacolock,8,1,,,,,,,,,,,
754,beccoshock,8,12,,,,,,,,,,,
755,branchiomorso,8,10,,,,,,,,,,,
756,cambiocampo,8,0,,,,,,,,,,,
757,dynafiammata,8,9,,,,,,,,,,,
758,dynainsetto,8,6,,,,,,,,,,,
759,dynasaetta,8,12,,,,,,,,,,,
760,dynattacco,8,0,,,,,,,,,,,
761,dynapugno,8,1,,,,,,,,,,,
762,dynavuoto,8,7,,,,,,,,,,,
763,dynagelo,8,14,,,,,,,,,,,
764,dynacorrosione,8,3,,,,,,,,,,,
765,dynaflusso,8,10,,,,,,,,,,,
766,dynajet,8,2,,,,,,,,,,,
767,dynafata,8,17,,,,,,,,,,,
768,dynadragone,8,15,,,,,,,,,,,
769,dynapsiche,8,13,,,,,,,,,,,
770,dynamacigno,8,5,,,,,,,,,,,
771,dynasisma,8,4,,,,,,,,,,,
772,dynatenebre,8,16,,,,,,,,,,,
773,dynaflora,8,11,,,,,,,,,,,
774,dynametallo,8,8,,,,,,,,,,,
775,dracofonia,8,15,,,,,,,,,,,
776,schiacciacorpo,8,1,,,,,,,,,,,
777,decorazione,8,17,,,,,,,,,,,
778,tamburattacco,8,11,,,,,,,,,,,
779,tagliola,8,11,,,,,,,,,,,
780,palla infuocata,8,9,,,,,,,,,,,
781,taglio maestoso,8,8,,,,,,,,,,,
782,colpo maestoso,8,8,,,,,,,,,,,
783,ruota d'aura,8,12,,,,,,,,,,,
784,vastoimpatto,8,15,,,,,,,,,,,
785,ramostoccata,8,11,,,,,,,,,,,
786,overdrive,8,12,,,,,,,,,,,
787,acido malico,8,11,,,,,,,,,,,
788,forza g,8,11,,,,,,,,,,,
789,frantumanima,8,17,,,,,,,,,,,
790,vapore incantato,8,17,,,,,,,,,,,
791,goccia vitale,8,10,,,,,,,,,,,
792,sbarramento,8,16,,,,,,,,,,,
793,supplicolpo,8,16,,,,,,,,,,,
794,sfolgorassalto,8,1,,,,,,,,,,,
795,raggio infinito,8,15,,,,,,,,,,,
796,raggio d'acciaio,8,8,,,,,,,,,,,
797,vastenergia,8,8,,,,,,,,,,,
798,ferrorullo,8,8,,,,,,,,,,,
799,squamacolpo,8,8,,,,,,,,,,,
800,raggiometeora,8,8,,,,,,,,,,,
801,armaguscio,8,8,,,,,,,,,,,
802,nebbioscoppio,8,8,,,,,,,,,,,
804,erboscivolata,8,8,,,,,,,,,,,
805,elettroimpennata,8,8,,,,,,,,,,,
807,campopulsar,8,8,,,,,,,,,,,
808,strisciacolpo,8,8,,,,,,,,,,,
809,fiamminvidia,8,8,,,,,,,,,,,
810,sfogarabbia,8,8,,,,,,,,,,,
811,poltergeist,8,8,,,,,,,,,,,
812,gas corrosivo,8,8,,,,,,,,,,,
813,coaching,8,8,,,,,,,,,,,
814,virata,8,8,,,,,,,,,,,
815,triplo axel,8,8,,,,,,,,,,,
816,doppia ala,8,8,,,,,,,,,,,
817,sabbiardente,8,8,,,,,,,,,,,
818,giunglacura,8,8,,,,,,,,,,,
819,pugnotenebra,8,8,,,,,,,,,,,
820,idroraffica,8,8,,,,,,,,,,,
821,sguardo gelido,8,8,,,,,,,,,,,
822,calcio tonante,8,8,,,,,,,,,,,
823,furia ardente,8,8,,,,,,,,,,,
824,inquietantesimo,8,8,,,,,,,,,,,
825,elettrogabbia,8,8,,,,,,,,,,,
826,dragoenergia,8,8,,,,,,,,,,,
827,lancia glaciale,8,8,,,,,,,,,,,
828,schegge astrali,8,8,,,,,,,,,,,
829,artigli fatali,8,,,,,,,,,,,,
830,barrierassalto,8,,,,,,,,,,,,
831,scambioforza,8,,,,,,,,,,,,
832,rocciascure,8,,,,,,,,,,,,
833,tempesta zefirea,8,,,,,,,,,,,,
834,forza mistica,8,,,,,,,,,,,,
835,ira furente,8,,,,,,,,,,,,
836,ondaschianto,8,,,,,,,,,,,,
837,clorofillaser,8,,,,,,,,,,,,
838,soffio d'iceberg,8,,,,,,,,,,,,
839,danzavittoria,8,,,,,,,,,,,,
840,scontro frontale,8,,,,,,,,,,,,
841,mille fielespine,8,,,,,,,,,,,,
842,ali d'aura,8,,,,,,,,,,,,
843,livore,8,,,,,,,,,,,,
844,barricata,8,,,,,,,,,,,,
845,triplodardo,8,,,,,,,,,,,,
846,corteo spettrale,8,,,,,,,,,,,,
847,lama milleflutti,8,,,,,,,,,,,,
848,tempesta boreale,8,,,,,,,,,,,,
849,tempesta tonante,8,,,,,,,,,,,,
850,tempesta ardente,8,,,,,,,,,,,,
851,invocaluna,8,,,,,,,,,,,,
852,baldimpulso,8,,,,,,,,,,,,
853,terascoppio,9,,,,,,,,,,,,
854,telatrappola,9,,,,,,,,,,,,
855,calcio ad ascia,9,,,,,,,,,,,,
856,omaggio ai ko,9,,,,,,,,,,,,
857,fotocollisione,9,,,,,,,,,,,,
858,alta cucina,9,,,,,,,,,,,,
859,pugnojet,9,,,,,,,,,,,,
860,essenza piccante,9,,,,,,,,,,,,
861,slittaruote,9,,,,,,,,,,,,
862,infestazione,9,,,,,,,,,,,,
863,vortighiaccio,9,,,,,,,,,,,,
864,spadoncarica,9,,,,,,,,,,,,
865,preghiera vitale,9,,,,,,,,,,,,
866,sotto sale,9,,,,,,,,,,,,
867,triplo tuffo,9,,,,,,,,,,,,
868,glitturbine,9,,,,,,,,,,,,
869,ricalco,9,,,,,,,,,,,,
870,alleggerimento,9,,,,,,,,,,,,
871,genufendente,9,,,,,,,,,,,,
872,prestigiafiore,9,,,,,,,,,,,,
873,canzone ardente,9,,,,,,,,,,,,
874,idroballetto,9,,,,,,,,,,,,
875,scatenatoro,9,,,,,,,,,,,,
876,corsa all'oro,9,,,,,,,,,,,,
877,botta,9,,,,,,,,,,,,
878,botta,9,,,,,,,,,,,,
879,catastrofe,9,,,,,,,,,,,,
880,turboschianto,9,,,,,,,,,,,,
881,fulmiscatto,9,,,,,,,,,,,,
882,tagliacoda,9,,,,,,,,,,,,
883,freddura,9,,,,,,,,,,,,
884,pulizie,9,,,,,,,,,,,,
885,vista innevata,9,,,,,,,,,,,,
886,balzo,9,,,,,,,,,,,,
887,apripista,9,,,,,,,,,,,,
888,doccia fredda,9,,,,,,,,,,,,
889,ipertrapano,9,,,,,,,,,,,,
890,doppioraggio,9,,,,,,,,,,,,
891,pugno furibondo,9,,,,,,,,,,,,
892,corazza cannone,9,,,,,,,,,,,,
893,lama del rimorso,9,,,,,,,,,,,,
894,doppiolampo,9,,,,,,,,,,,,
895,granmartello,9,,,,,,,,,,,,
896,ritorsione,9,,,,,,,,,,,,
897,idrotaglio,9,,,,,,,,,,,,
898,turboustione,9,,,,,,,,,,,,
899,turbotenebra,9,,,,,,,,,,,,
900,turbotossina,9,,,,,,,,,,,,
901,turborissa,9,,,,,,,,,,,,
902,turboincanto,9,,,,,,,,,,,,
903,psicolama,9,,,,,,,,,,,,
904,idrovapore,9,,,,,,,,,,,,
905,luna rossa,9,,,,,,,,,,,,
906,bomba sciroppata,9,,,,,,,,,,,,
907,spruzzatè,9,,,,,,,,,,,,
908,clava di liane,9,,,,,,,,,,,,
909,elettroraggio,9,,,,,,,,,,,,
910,teracluster,9,,,,,,,,,,,,
911,irregolaser,9,,,,,,,,,,,,
912,egida ignea,9,,,,,,,,,,,,
913,saetta,9,,,,,,,,,,,,
914,taglio poderoso,9,,,,,,,,,,,,
915,tachiontaglio,9,,,,,,,,,,,,
916,pressa d'acciaio,9,,,,,,,,,,,,
917,grido del drago,9,,,,,,,,,,,,
918,ammaliavoce,9,,,,,,,,,,,,
919,rabbia bruciante,9,,,,,,,,,,,,
920,elettrotuffo,9,,,,,,,,,,,,
921,psicorumore,9,,,,,,,,,,,,
922,colpo di mano,9,,,,,,,,,,,,
923,intossicatena,9,,,,,,,,,,,,
